Broche,Pin LQFP144,Groupe,Signal,Fonction STM32,Direction,Interruption EXTI
PC7,97,Actionneurs (PWM),IMU_HEATER (chauffe IMU),TIM3_CH2,out,
PD12,81,Actionneurs (PWM),PWM5 – roulis / RCS,TIM4_CH1,out,
PD13,82,Actionneurs (PWM),PWM6 – roulis / RCS,TIM4_CH2,out,
PD14,85,Actionneurs (PWM),PWM7 – aux,TIM4_CH3,out,
PD15,86,Actionneurs (PWM),PWM8 – aux,TIM4_CH4,out,
PE11,64,Actionneurs (PWM),PWM2 – TVC lacet,TIM1_CH2,out,
PE13,66,Actionneurs (PWM),PWM3 – vanne de throttle,TIM1_CH3,out,
PE14,67,Actionneurs (PWM),PWM4 – réserve,TIM1_CH4,out,
PE9,60,Actionneurs (PWM),PWM1 – TVC tangage,TIM1_CH1,out,
PB3,133,Baro + magnéto (SPI3),SENS_SCK,SPI3_SCK,out,
PB4,134,Baro + magnéto (SPI3),SENS_MISO,SPI3_MISO,in,
PD10,79,Baro + magnéto (SPI3),BARO_CS,GPIO,out,
PD11,80,Baro + magnéto (SPI3),MAG_CS,GPIO,out,
PG4,89,Baro + magnéto (SPI3),BARO_INT,GPIO,in,EXTI4
PG5,90,Baro + magnéto (SPI3),MAG_DRDY,GPIO,in,EXTI5
PG8,93,Baro + magnéto (SPI3),SENS_MOSI,SPI3_MOSI,out,
PA0,34,Bus d'extension,EXT_SYNC (TIM5 32 bits),TIM5_CH1,io,
PB8,139,Bus d'extension,EXT_UART_RX,UART4_RX,in,
PB9,140,Bus d'extension,EXT_UART_TX,UART4_TX,out,
PD6,122,Bus d'extension,EXT_I2C_SCL (EEPROM ID),I2C3_SCL,io,
PD7,123,Bus d'extension,EXT_I2C_SDA,I2C3_SDA,io,
PE2,1,Bus d'extension,EXT_SPI_SCK,SPI4_SCK,out,
PE4,3,Bus d'extension,EXT_CS1,GPIO,out,
PE5,4,Bus d'extension,EXT_SPI_MISO,SPI4_MISO,in,
PE6,5,Bus d'extension,EXT_SPI_MOSI,SPI4_MOSI,out,
PE8,59,Bus d'extension,EXT_CS2,GPIO,out,
PG1,57,Bus d'extension,EXT_NRESET,GPIO,out,
PG11,126,Bus d'extension,EXT_IRQ2,GPIO,in,EXTI11
PG7,92,Bus d'extension,EXT_IRQ1,GPIO,in,EXTI7
PB5,135,CAN-FD,CAN2_RX,FDCAN2_RX,in,
PB6,136,CAN-FD,CAN2_TX,FDCAN2_TX,out,
PB7,137,CAN-FD,CAN2_STBY,GPIO,out,
PD0,114,CAN-FD,CAN1_RX,FDCAN1_RX,in,
PD1,115,CAN-FD,CAN1_TX,FDCAN1_TX,out,
PE0,141,CAN-FD,CAN1_STBY,GPIO,out,
PF2,12,CAN-FD,CAN1_TERM_EN (120 Ω),GPIO,out,
PF3,13,CAN-FD,CAN2_TERM_EN (120 Ω),GPIO,out,
PC10,111,Carte microSD (SDMMC1),SD_D2,SDMMC1_D2,io,
PC11,112,Carte microSD (SDMMC1),SD_D3,SDMMC1_D3,io,
PC12,113,Carte microSD (SDMMC1),SD_CK,SDMMC1_CK,out,
PC8,98,Carte microSD (SDMMC1),SD_D0,SDMMC1_D0,io,
PC9,99,Carte microSD (SDMMC1),SD_D1,SDMMC1_D1,io,
PD2,116,Carte microSD (SDMMC1),SD_CMD,SDMMC1_CMD,io,
PG15,132,Carte microSD (SDMMC1),SD_DETECT,GPIO,in,
PF10,22,Flash de log (OCTOSPI1),FLASH_CLK,OCTOSPI1_CLK,out,
PF6,18,Flash de log (OCTOSPI1),FLASH_IO3,OCTOSPI1_IO3,io,
PF7,19,Flash de log (OCTOSPI1),FLASH_IO2,OCTOSPI1_IO2,io,
PF8,20,Flash de log (OCTOSPI1),FLASH_IO0,OCTOSPI1_IO0,io,
PF9,21,Flash de log (OCTOSPI1),FLASH_IO1,OCTOSPI1_IO1,io,
PG6,91,Flash de log (OCTOSPI1),FLASH_NCS,OCTOSPI1_NCS,out,
PA15,110,GNSS (USART3),GNSS_PPS (capture TIM2 32 bits),TIM2_CH1,in,
PD8,77,GNSS (USART3),GNSS_TX,USART3_TX,out,
PD9,78,GNSS (USART3),GNSS_RX,USART3_RX,in,
PG12,127,GNSS (USART3),GNSS_RESET_N,GPIO,out,
PF0,10,I2C interne,"I2C_SDA (EEPROM, moniteur d'alim)",I2C2_SDA,io,
PF1,11,I2C interne,I2C_SCL,I2C2_SCL,io,
PA4,40,IMU principale (SPI1),IMU1_CS,GPIO,out,
PA5,41,IMU principale (SPI1),IMU1_SCK,SPI1_SCK,out,
PA6,42,IMU principale (SPI1),IMU1_MISO,SPI1_MISO,in,
PA7,43,IMU principale (SPI1),IMU1_MOSI,SPI1_MOSI,out,
PG0,56,IMU principale (SPI1),IMU1_INT1,GPIO,in,EXTI0
PB10,69,IMU secondaire (SPI2),IMU2_CS_GYR,GPIO,out,
PB12,73,IMU secondaire (SPI2),IMU2_CS_ACC,GPIO,out,
PB13,74,IMU secondaire (SPI2),IMU2_SCK,SPI2_SCK,out,
PB14,75,IMU secondaire (SPI2),IMU2_MISO,SPI2_MISO,in,
PB15,76,IMU secondaire (SPI2),IMU2_MOSI,SPI2_MOSI,out,
PG2,87,IMU secondaire (SPI2),IMU2_INT_ACC,GPIO,in,EXTI2
PG3,88,IMU secondaire (SPI2),IMU2_INT_GYR,GPIO,in,EXTI3
PA1,35,Interface,LED_B,GPIO,out,
PA8,100,Interface,BOUTON (utilisateur),GPIO,in,
PC14,8,Interface,LED_R,GPIO,out,
PC15,9,Interface,LED_G,GPIO,out,
PC6,96,Interface,BUZZER (PWM),TIM3_CH1,out,
PB0,46,Mesures analogiques (ADC),TEMP1 (NTC),ADC1_INP9,ana,
PB1,47,Mesures analogiques (ADC),TEMP2 (NTC),ADC1_INP5,ana,
PC0,26,Mesures analogiques (ADC),VBAT_SENSE,ADC1_INP10,ana,
PC1,27,Mesures analogiques (ADC),V5_SENSE,ADC1_INP11,ana,
PC2,28,Mesures analogiques (ADC),VSERVO_SENSE,ADC1_INP12,ana,
PC3,29,Mesures analogiques (ADC),IBAT_SENSE (ampli shunt),ADC1_INP13,ana,
PC4,44,Mesures analogiques (ADC),ANA_EXT1 (connecteur d'extension),ADC1_INP4,ana,
PC5,45,Mesures analogiques (ADC),ANA_EXT2 (connecteur d'extension),ADC1_INP8,ana,
PF11,49,Mesures analogiques (ADC),PRESS1 (capteur pression réservoir),ADC1_INP2,ana,
PF12,50,Mesures analogiques (ADC),PRESS2,ADC1_INP6,ana,
PF13,53,Mesures analogiques (ADC),PRESS3 (chambre),ADC2_INP2,ana,
PF14,54,Mesures analogiques (ADC),PRESS4,ADC2_INP6,ana,
PA2,36,Radio télémétrie (USART2),RADIO_TX,USART2_TX,out,
PA3,37,Radio télémétrie (USART2),RADIO_RX,USART2_RX,in,
PD3,117,Radio télémétrie (USART2),RADIO_CTS,USART2_CTS,in,
PD4,118,Radio télémétrie (USART2),RADIO_RTS,USART2_RTS,out,
PD5,119,Radio télémétrie (USART2),RADIO_EN,GPIO,out,
PB2,48,Sorties de puissance,OUT5_EN,GPIO,out,
PE10,63,Sorties de puissance,OUT_FAULT_N (commun),GPIO,in,EXTI10
PE3,2,Sorties de puissance,OUT1_EN (vanne solénoïde),GPIO,out,
PE7,58,Sorties de puissance,OUT2_EN,GPIO,out,
PF15,55,Sorties de puissance,OUT4_EN,GPIO,out,
PF5,15,Sorties de puissance,OUT3_EN,GPIO,out,
PE12,65,Superviseur sécurité (USART6),SUP_KILL_N,GPIO,in,EXTI12
PE15,68,Superviseur sécurité (USART6),ARM_SWITCH,GPIO,in,EXTI15
PF4,14,Superviseur sécurité (USART6),ACT_PWR_EN (rail servos),GPIO,out,
PG10,125,Superviseur sécurité (USART6),ARMED_STATUS,GPIO,in,
PG13,128,Superviseur sécurité (USART6),SUP_HEARTBEAT,GPIO,out,
PG14,129,Superviseur sécurité (USART6),SUP_TX,USART6_TX,out,
PG9,124,Superviseur sécurité (USART6),SUP_RX,USART6_RX,in,
PA10,102,Système,DEBUG_RX (console),USART1_RX,in,
PA11,103,Système,USB_DM,USB_DM,io,
PA12,104,Système,USB_DP,USB_DP,io,
PA13,105,Système,SWDIO,GPIO,io,
PA14,109,Système,SWCLK,GPIO,in,
PA9,101,Système,DEBUG_TX (console),USART1_TX,out,
PC13,7,Système,USB_VBUS_DETECT,GPIO,in,EXTI13
PH0,23,Système,HSE_IN,RCC_OSC_IN,in,
PH1,24,Système,HSE_OUT,RCC_OSC_OUT,out,
